{
  "6b33cb8e-126d-11f0-af4d-0242ac120003": {
    "min_year": 1930,
    "max_year": 2025,
    "avg_price": 24141.67692,
    "mode_make": "Ford"
  },
  "8069a10a-126d-11f0-af4d-0242ac120003": {
    "min_year": 1930,
    "max_year": 2025,
    "avg_price": 23976.707995971803,
    "mode_make": "Ford"
  },
  "a9779769-126d-11f0-ab45-0242ac120003": {
    "min_year": 1930,
    "max_year": 2025,
    "avg_price": 23973.30516,
    "mode_make": "Ford"
  },
  "c337ad7c-126d-11f0-ab45-0242ac120003": {
    "min_year": 1930,
    "max_year": 2025,
    "avg_price": 23964.40652,
    "mode_make": "Ford"
  },
  "d39fbe31-126d-11f0-ab45-0242ac120003": {
    "min_year": 1930,
    "max_year": 2025,
    "avg_price": 24011.8758,
    "mode_make": "Alfa"
  },
  "e314e635-126d-11f0-ab45-0242ac120003": {
    "min_year": 1930,
    "max_year": 2025,
    "avg_price": 23948.5778,
    "mode_make": "Cadillac"
  },
  "09996915-1276-11f0-aba6-0242ac120003": {
    "min_year": 1930,
    "max_year": 2025,
    "avg_price": 23927.47612,
    "mode_make": "Audi"
  },
  "a4d090f1-1276-11f0-aba6-0242ac120003": {
    "min_year": 1930,
    "max_year": 2025,
    "avg_price": 23918.80516,
    "mode_make": "Volkswagen"
  },
  "ca306674-1276-11f0-aba6-0242ac120003": {
    "min_year": 1930,
    "max_year": 2025,
    "avg_price": 24028.84064,
    "mode_make": "Ford"
  },
  "e55186d6-1276-11f0-aba6-0242ac120003": {
    "min_year": 1930,
    "max_year": 2025,
    "avg_price": 24019.94208,
    "mode_make": "Ford"
  },
  "f3ed76d8-1276-11f0-aba6-0242ac120003": {
    "min_year": 1930,
    "max_year": 2025,
    "avg_price": 23956.21984,
    "mode_make": "Ford"
  },
  "1293ecd9-1277-11f0-aba6-0242ac120003": {
    "min_year": 1930,
    "max_year": 2025,
    "avg_price": 24036.05092,
    "mode_make": "Volkswagen"
  },
  "25f1b733-1277-11f0-aba6-0242ac120003": {
    "min_year": 1930,
    "max_year": 2025,
    "avg_price": 23987.2746,
    "mode_make": "Chevrolet"
  },
  "505a82d9-1277-11f0-aba6-0242ac120003": {
    "min_year": 1930,
    "max_year": 2025,
    "avg_price": 24129.8346,
    "mode_make": "Ford"
  },
  "61d0f56e-1277-11f0-aba6-0242ac120003": {
    "min_year": 1930,
    "max_year": 2025,
    "avg_price": 24048.93904,
    "mode_make": "Opel"
  },
  "6e825382-1277-11f0-aba6-0242ac120003": {
    "min_year": 1930,
    "max_year": 2025,
    "avg_price": 24029.05652,
    "mode_make": "Chevrolet"
  },
  "984e7c39-1277-11f0-aba6-0242ac120003": {
    "min_year": 1930,
    "max_year": 2025,
    "avg_price": 24049.1444,
    "mode_make": "Ford"
  },
  "c50ca08e-1277-11f0-aba6-0242ac120003": {
    "min_year": 1930,
    "max_year": 2025,
    "avg_price": 24054.57108,
    "mode_make": "Ford"
  },
  "ebb2d6a5-1277-11f0-aba6-0242ac120003": {
    "min_year": 1930,
    "max_year": 2025,
    "avg_price": 24027.44456,
    "mode_make": "Ford"
  },
  "ff281531-1277-11f0-aba6-0242ac120003": {
    "min_year": 1930,
    "max_year": 2025,
    "avg_price": 23970.78516,
    "mode_make": "Ford"
  },
  "268a96cf-1278-11f0-aba6-0242ac120003": {
    "min_year": 1930,
    "max_year": 2025,
    "avg_price": 23993.8474,
    "mode_make": "Ford"
  },
  "38090779-1278-11f0-aba6-0242ac120003": {
    "min_year": 1930,
    "max_year": 2025,
    "avg_price": 24025.61232,
    "mode_make": "Ford"
  },
  "5677b387-1278-11f0-aba6-0242ac120003": {
    "min_year": 1930,
    "max_year": 2025,
    "avg_price": 23902.66696,
    "mode_make": "Ford"
  },
  "653bb455-1278-11f0-aba6-0242ac120003": {
    "min_year": 1930,
    "max_year": 2025,
    "avg_price": 24031.06928,
    "mode_make": "Ford"
  },
  "75802bc6-1278-11f0-aba6-0242ac120003": {
    "min_year": 1930,
    "max_year": 2025,
    "avg_price": 23922.44772,
    "mode_make": "Pontiac"
  },
  "85251039-1278-11f0-aba6-0242ac120003": {
    "min_year": 1930,
    "max_year": 2025,
    "avg_price": 23891.91948,
    "mode_make": "Ford"
  },
  "948ab098-1278-11f0-aba6-0242ac120003": {
    "min_year": 1930,
    "max_year": 2025,
    "avg_price": 24004.79208,
    "mode_make": "Toyota"
  },
  "de61ec3f-1278-11f0-aba6-0242ac120003": {
    "min_year": 1930,
    "max_year": 2025,
    "avg_price": 23974.28996,
    "mode_make": "Audi"
  },
  "f7bdf0f9-1278-11f0-aba6-0242ac120003": {
    "min_year": 1930,
    "max_year": 2025,
    "avg_price": 24026.17916,
    "mode_make": "Ford"
  },
  "08534cee-1279-11f0-aba6-0242ac120003": {
    "min_year": 1930,
    "max_year": 2025,
    "avg_price": 23907.606,
    "mode_make": "Ford"
  },
  "1c66aae5-1279-11f0-aba6-0242ac120003": {
    "min_year": 1930,
    "max_year": 2025,
    "avg_price": 23985.12532,
    "mode_make": "Toyota"
  },
  "6b7145b8-1279-11f0-aba6-0242ac120003": {
    "min_year": 1930,
    "max_year": 2025,
    "avg_price": 23952.0798,
    "mode_make": "Holden"
  },
  "81f3448e-1279-11f0-aba6-0242ac120003": {
    "min_year": 1930,
    "max_year": 2025,
    "avg_price": 23954.63712,
    "mode_make": "Ford"
  },
  "96a6edab-1279-11f0-aba6-0242ac120003": {
    "min_year": 1930,
    "max_year": 2025,
    "avg_price": 23937.62312,
    "mode_make": "Ford"
  },
  "ad2ea6b9-1279-11f0-aba6-0242ac120003": {
    "min_year": 1930,
    "max_year": 2025,
    "avg_price": 24042.53952,
    "mode_make": "Chevrolet"
  },
  "d18ee8b2-1279-11f0-aba6-0242ac120003": {
    "min_year": 1930,
    "max_year": 2025,
    "avg_price": 23961.71504,
    "mode_make": "Volkswagen"
  },
  "eaa46611-1279-11f0-aba6-0242ac120003": {
    "min_year": 1930,
    "max_year": 2025,
    "avg_price": 23976.84076,
    "mode_make": "Ford"
  },
  "fedcc92b-1279-11f0-aba6-0242ac120003": {
    "min_year": 1930,
    "max_year": 2025,
    "avg_price": 23990.71824,
    "mode_make": "Ford"
  },
  "10233253-127a-11f0-aba6-0242ac120003": {
    "min_year": 1930,
    "max_year": 2025,
    "avg_price": 23899.651519659936,
    "mode_make": "Ford"
  }
}
